0x56adb610	20
0x56ade9f8	20
0x56af0810	20
0x56af1734	20
0x56af5fe8	20
0x56b03fb8	20
0x56b06ca0	20
0x56b07664	20
0x56b0d788	20
0x56b18764	20
0x56b1c878	20
0x56b1c8d0	20
0x56b29498	20
0x56b30510	20
0x56b4e6e8	20
0x56b50b10	20
0x56b52e28	20
0x56b5c18c	20
0x56b6118c	20
0x56b615b0	20
0x56b65b74	20
0x56b65ebc	20
0x56b6618c	20
0x56b66204	20
0x56b66268	20
0x56b6654c	20
0x56b665b0	20
0x56b78e70	20
0x56b79008	20
0x56b7c944	20
0x56b848e0	20
0x56b84fa0	20
0x56b8ffcc	20
0x56b9068c	20
0x56beac3c	20
0x56beac70	20
0x56beb2ac	20
0x56bf2f50	20
